Large County,Period,avg_avg_Mortality Z-Score,avg_avg_Morbidity Z-Score,avg_avg_Health Behaviors Z-Score,avg_avg_Clinical Care Z-Score,avg_avg_Social & Economic Factors Z-Score,avg_avg_Physical Environment Z-Score
0,After,-0.03,-0.19694444444444445,0.04416666666666667,0.07305555555555555,-0.020555555555555556,-0.06861111111111111
0,Before,-0.030999999999999996,0.009999999999999995,-0.016499999999999997,0.07100000000000001,-0.017,-0.023
1,After,-0.26166666666666666,0.016666666666666666,-0.19666666666666666,-0.0788888888888889,-0.0525,0.06138888888888889
1,Before,-0.257,0.164,-0.15,-0.105,0.015999999999999997,0.006999999999999999
